{"repoSenseVersion":"07d6ce9e9c","reportGeneratedTime":"Sun Nov 6 08:53:53 2022 UTC","reportGenerationTime":" 6.88 second(s)","zoneId":"Etc/UTC","reportTitle":"RepoSense Report","repos":[{"location":{"location":"https://github.com/CS3219-AY2223S1/cs3219-project-ay2223s1-g58.git","repoName":"cs3219-project-ay2223s1-g58","organization":"CS3219-AY2223S1","domainName":"github"},"branch":"main","displayName":"CS3219-AY2223S1/cs3219-project-ay2223s1-g58[main]","outputFolderName":"CS3219-AY2223S1_cs3219-project-ay2223s1-g58_main"}],"errorSet":[],"sinceDate":"2022-08-25","untilDate":"2022-11-06","isSinceDateProvided":true,"isUntilDateProvided":false,"supportedDomainUrlMap":{"NOT_RECOGNIZED":{"BRANCH":"","REPO_URL":"UNSUPPORTED","BASE_URL":"UNSUPPORTED","HISTORY_PATH":"","COMMIT_PATH":"","BLAME_PATH":""},"github":{"BRANCH":"tree/$BRANCH","REPO_URL":"https://github.com/$ORGANIZATION/$REPO_NAME/","BASE_URL":"https://github.com/","HISTORY_PATH":"commits/$BRANCH/$FILE_PATH","COMMIT_PATH":"commit/$COMMIT_HASH","BLAME_PATH":"blame/$BRANCH/$FILE_PATH"}}}
