{"authorDailyContributionsMap":{"MarcusTXK":[{"date":"2022-09-03","commitResults":[{"hash":"f507e6a2b816c6cd6d08c217def055b48eb0b4db","messageTitle":"Add core components for matching service (#11)","messageBody":"* Create match model and orm\r\n\r\n* Add prettier and eslintrc following eslint-config-airbnb\r\n\r\n* Add initial logic for match service and socket io\r\n\r\n* Add matching via difficulty logic\r\n\r\n* Dockerise matching service\r\n\r\n* Add readme\r\n\r\n* Add simple validations for matching\r\n\r\n* Add .dockerignore\r\n\r\n* Update Dockerfile to run migration\r\n\r\n* Remove unnecessary dev dependencies and rules","fileTypesAndContributionMap":{"Dockerfile":{"insertions":17,"deletions":0},"gitignore":{"insertions":4,"deletions":1},"md":{"insertions":16,"deletions":0},"yml":{"insertions":7,"deletions":0},"js":{"insertions":197,"deletions":10},"dockerignore":{"insertions":5,"deletions":0}}}]},{"date":"2022-09-12","commitResults":[{"hash":"857be01212abd226c6f667fdea7b7982535927fa","messageTitle":"Add timeout and validations for matching service (#49)","messageBody":"* Add timeout for matching service\r\n\r\n* Add validation to ensure user is active\r\n\r\n* Update README.md\r\n\r\n* Add validation for payload\r\n\r\n* Rename EVENT constant","fileTypesAndContributionMap":{"md":{"insertions":18,"deletions":0},"js":{"insertions":99,"deletions":20}}}]},{"date":"2022-09-14","commitResults":[{"hash":"d6fee408e05e888cc04f282cae875dfa06f2e015","messageTitle":"Created matching service frontend (#61)","messageBody":"* Create match dialog component\r\n\r\n* Update matching service cancel event and fix cors and socket active bugs\r\n\r\n* Add match dialog and socket io client logic\r\n\r\n* Update PR template\r\n\r\n* Update .github/PULL_REQUEST_TEMPLATE\r\n\r\n* Update phases to use enum and Update PR template\r\n","fileTypesAndContributionMap":{"PULL_REQUEST_TEMPLATE":{"insertions":1,"deletions":1},"md":{"insertions":1,"deletions":1},"js":{"insertions":134,"deletions":60},"jsx":{"insertions":301,"deletions":5}}}]},{"date":"2022-09-15","commitResults":[{"hash":"307a834af822443c83382aff9ae369669bbb0245","messageTitle":"Matching service/question (#74)","messageBody":"","fileTypesAndContributionMap":{"rest":{"insertions":6,"deletions":0},"js":{"insertions":206,"deletions":10},"jsx":{"insertions":22,"deletions":2}}}]},{"date":"2022-09-29","commitResults":[{"hash":"5715fb6151ca1e397d378e3e4abd90d3bd740022","messageTitle":"Fix connection to local postgres instead of docker postgres (#105)","messageBody":"","fileTypesAndContributionMap":{"yml":{"insertions":18,"deletions":18}}}]},{"date":"2022-10-02","commitResults":[{"hash":"818640abaa2dad982d41ff50f53214c6e94d9f07","messageTitle":"Add end room session logic (#102)","messageBody":"* Fix room crashing when question id not found and Remove duplicate code\r\n\r\n* Add end room logic\r\n\r\n* Update dialog to close after confirmation\r\n\r\n* Fix linting errors\r\n\r\n* Update match service to get question number from question service","fileTypesAndContributionMap":{"js":{"insertions":48,"deletions":33},"jsx":{"insertions":126,"deletions":71}}}]},{"date":"2022-10-09","commitResults":[{"hash":"149a9dcf2d5658e4f63fcf25aa1a25ddfba13787","messageTitle":"Add user auth to room and matching services (#107)","messageBody":"* Add users and authentication to matching and room service\r\n\r\n* Add room authorization checks\r\n\r\n* Add local env","fileTypesAndContributionMap":{"gitignore":{"insertions":4,"deletions":7},"md":{"insertions":4,"deletions":0},"yml":{"insertions":12,"deletions":8},"js":{"insertions":149,"deletions":70},"jsx":{"insertions":45,"deletions":16},"local":{"insertions":1,"deletions":0},"example":{"insertions":1,"deletions":0}}}]},{"date":"2022-10-17","commitResults":[{"hash":"3869dcdba080fdb0181127b5099a3049b5b406e7","messageTitle":"Create room service (#123)","messageBody":"* Fix infinite fetch question id bug\r\n\r\n* Add room service and setup nginx conf\r\n\r\n* Update room service to get question id instead of matching service\r\n\r\n* Add next question functionality\r\n\r\n* Fix update room bug\r\n\r\n* Update room id generation logic\r\n\r\n* Update id generation\r\n\r\n* Removed unused import","fileTypesAndContributionMap":{"rest":{"insertions":12,"deletions":6},"Dockerfile":{"insertions":17,"deletions":0},"gitignore":{"insertions":24,"deletions":0},"md":{"insertions":39,"deletions":0},"yml":{"insertions":26,"deletions":0},"js":{"insertions":347,"deletions":99},"conf":{"insertions":21,"deletions":1},"dockerignore":{"insertions":5,"deletions":0},"jsx":{"insertions":67,"deletions":45},"local":{"insertions":1,"deletions":0},"example":{"insertions":1,"deletions":0}}}]},{"date":"2022-10-19","commitResults":[{"hash":"d3a4169fef28b6eb566758a903042552354abbe1","messageTitle":"Add Video call functionality and Check if user is already in room (#133)","messageBody":"* Add video chat functionality\r\n\r\n* Update video component and fix some bugs\r\n\r\n* Add check if user is already in a room\r\n\r\n* Fix wrong port number and remove unused imports\r\n\r\n* Fix eslint issues\r\n\r\n* Re-enable react strict mode","fileTypesAndContributionMap":{"Dockerfile":{"insertions":1,"deletions":1},"yml":{"insertions":25,"deletions":8},"js":{"insertions":46,"deletions":0},"jsx":{"insertions":255,"deletions":14}}}]},{"date":"2022-11-05","commitResults":[{"hash":"30af3f7c2c3d6325aff823222ca385819f2bfdcd","messageTitle":"Improve Video Service (#156)","messageBody":"* Add peerjs server and Improve stability\r\n\r\n* Fix video not rendering after page refresh\r\n\r\n* Add view mute status functionality\r\n\r\n* Update nginx.conf\r\n\r\n* Fix audio desync bug and Fix disconnect bug\r\n\r\n* Fix eslint issues\r\n\r\n* Update docker-compose file and Add various small fixes\r\n\r\n* Fix uncaught type error bug","fileTypesAndContributionMap":{"rest":{"insertions":2,"deletions":0},"yml":{"insertions":16,"deletions":4},"js":{"insertions":15,"deletions":16},"conf":{"insertions":12,"deletions":0},"jsx":{"insertions":231,"deletions":110}}}]},{"date":"2022-11-06","commitResults":[{"hash":"aead2c89255316625659ce5adbb2e5f7bdcaf80c","messageTitle":"Add CI, Migrate db to Postgres and Add previous question navigability (#167)","messageBody":"Co-authored-by: Liu YongLiang \u003c41845017+tlylt@users.noreply.github.com\u003e","fileTypesAndContributionMap":{"Dockerfile":{"insertions":0,"deletions":4},"rest":{"insertions":1,"deletions":1},"PULL_REQUEST_TEMPLATE":{"insertions":1,"deletions":0},"prod":{"insertions":12,"deletions":0},"md":{"insertions":15,"deletions":17},"yml":{"insertions":233,"deletions":7},"js":{"insertions":451,"deletions":71},"jsx":{"insertions":66,"deletions":28},"local":{"insertions":7,"deletions":1}}},{"hash":"41950dfb22a828d49f2ec5ef4e87ce108b2377cc","messageTitle":"Fix auth timeout bug and Update frontend (#179)","messageBody":"* Fix auth timeout bug\r\n\r\n* Update frontend UI for home and match page\r\n\r\n* Update to use Links and Fix matching dialog typo","fileTypesAndContributionMap":{"js":{"insertions":16,"deletions":9},"jsx":{"insertions":102,"deletions":30}}},{"hash":"c2ea243f824c731a8db858838a2ad1a4ce35edbf","messageTitle":"Update matching logic when user disconnects (#187)","messageBody":"* Update matching logic\r\n\r\n* Clean up code","fileTypesAndContributionMap":{"js":{"insertions":3,"deletions":6}}}]}],"Hzxin":[{"date":"2022-09-08","commitResults":[{"hash":"6781afcd507e139a3989466d4f579e6f634b6e2e","messageTitle":"Question service (#40)","messageBody":"* Set up basic models\r\n\r\n* Complete logic for question\r\n\r\n* Remove extra contents\r\n\r\n* Convert question content to markdown html\r\n\r\n* Dockerize question-service\r\n\r\n* Update README\r\n\r\n* Modify docker\r\n\r\n* Update docker\r\n\r\n* Remove extra node-modules\r\n\r\n* Delete node_modules directory\r\n\r\n* Delete .env copy\r\n\r\n* Delete package-lock.json\r\n\r\n* Update package.json\r\n\r\n* Add v1 for api path\r\n\r\n* Modify api path\r\n\r\n* Update repository name\r\n\r\n* Delete .env","fileTypesAndContributionMap":{"Dockerfile":{"insertions":19,"deletions":0},"gitignore":{"insertions":24,"deletions":0},"md":{"insertions":9,"deletions":0},"js":{"insertions":212,"deletions":0},"yml":{"insertions":24,"deletions":0},"dockerignore":{"insertions":4,"deletions":0},"sample":{"insertions":6,"deletions":0},"sql":{"insertions":29,"deletions":0}}}]},{"date":"2022-09-12","commitResults":[{"hash":"32605c207b593849934cf2177194f34e34546a24","messageTitle":"Refactor question service to use ORM (#46)","messageBody":"* Refactor question service to use ORM\r\n\r\n* Refactor docker contents \u0026 config\r\n\r\n* Modify README\r\n\r\n* Fix typepo in readme\r\n\r\n* Set up eslint \u0026 add sampler tests\r\n\r\n* Update REST request\r\n\r\n* Change sample files\r\n\r\n* Remove extra files\r\n\r\n* Add seeders \u0026 rename attributes\r\n\r\n* Add extra API and modify response content\r\n\r\n* Format fix\r\n\r\n* Update Dockerfile","fileTypesAndContributionMap":{"Dockerfile":{"insertions":3,"deletions":2},"rest":{"insertions":31,"deletions":0},"prod":{"insertions":6,"deletions":0},"gitignore":{"insertions":1,"deletions":0},"md":{"insertions":8,"deletions":2},"js":{"insertions":425,"deletions":159},"yml":{"insertions":14,"deletions":13},"eslintignore":{"insertions":4,"deletions":0},"sample":{"insertions":2,"deletions":2},"sql":{"insertions":0,"deletions":29}}}]},{"date":"2022-09-16","commitResults":[{"hash":"196a3994c4ec5f0646dcda92f165f031065d6880","messageTitle":"Add questionPane \u0026 setup CI (#52)","messageBody":"* Refactor question service to use ORM\r\n\r\n* Refactor docker contents \u0026 config\r\n\r\n* Modify README\r\n\r\n* Fix typepo in readme\r\n\r\n* Set up eslint \u0026 add sampler tests\r\n\r\n* Update REST request\r\n\r\n* Change sample files\r\n\r\n* Remove extra files\r\n\r\n* Add simple question page\r\n\r\n* Modify cors header\r\n\r\n* Change getQuestion api\r\n\r\n* Add support for markdown\r\n\r\n* Add seeders \u0026 rename attributes\r\n\r\n* Add extra API and modify response content\r\n\r\n* Format fix\r\n\r\n* Update Dockerfile\r\n\r\n* Update data format\r\n\r\n* Beautify difficulty badge and add questionPane component\r\n\r\n* Add test difficulty\r\n\r\n* Add support for varying difficulty color\r\n\r\n* Modify getQuestionById api \u0026 update questionPane\r\n\r\n* Add additional hooks\r\n\r\n* Fix import error\r\n\r\n* Update useEffect param\r\n\r\n* Refactor api \u0026 update questionPane component\r\n\r\n* Merge with main\r\n\r\n* Solve useEffect dependency issues\r\n\r\n* Update setloading for questionPane\r\n\r\n* update package-lock\r\n\r\n* Update package.json\r\n\r\n* Fix package-lock\r\n\r\n* update docker-compose.yml\r\n\r\n* Fix docker issues\r\n\r\n* Fix docker compose issues\r\n\r\n* Fix docker compose problem\r\n\r\n* Fix docker issues\r\n\r\n* Fix Docker-compose\r\n\r\n* Add CI\r\n\r\n* Fix eslint \u0026 format\r\n\r\n* Update index.spec\r\n\r\n* Export app\r\n\r\n* update export\r\n\r\n* Update test\r\n\r\n* Modify api tests\r\n\r\n* Update index.spec\r\n\r\n* test index.spec.js\r\n\r\n* Fix response code \u0026 test\r\n\r\n* Add extra host for linux test\r\n\r\n* Add \u0026 test update and delete API","fileTypesAndContributionMap":{"Dockerfile":{"insertions":1,"deletions":4},"rest":{"insertions":15,"deletions":12},"test":{"insertions":1,"deletions":0},"yml":{"insertions":80,"deletions":5},"js":{"insertions":205,"deletions":47},"eslintignore":{"insertions":2,"deletions":1},"jsx":{"insertions":67,"deletions":0}}}]},{"date":"2022-10-09","commitResults":[{"hash":"cabaa84a7af65d0dbfd6965748b021ff0fc0e19e","messageTitle":"Question service api (#103)","messageBody":"* Add new apis and unit test\r\n\r\n* Add nextQuestionButton \u0026 windows CI\r\n\r\n* Update github workflow\r\n\r\n* update test\r\n\r\n* Update workflow\r\n\r\n* Remove windows test\r\n\r\n* Update QuestionPane\r\n\r\n* Update host\r\n\r\n* Modify Questionpane design\r\n\r\n* Remove extra parameter for question pane\r\n\r\n* Fix eslint error\r\n\r\n* Fix bug\r\n\r\n* Refactor code foramt\r\n\r\n* Update .github/workflows/question-service.yml\r\n\r\nCo-authored-by: Liu YongLiang \u003c41845017+tlylt@users.noreply.github.com\u003e\r\n\r\n* Update frontend/src/components/QuestionPane.jsx\r\n\r\nCo-authored-by: Liu YongLiang \u003c41845017+tlylt@users.noreply.github.com\u003e\r\n\r\n* Update question-service/repository/category-repository.js\r\n\r\nCo-authored-by: Liu YongLiang \u003c41845017+tlylt@users.noreply.github.com\u003e\r\n\r\n* Update question-service/repository/category-repository.js\r\n\r\nCo-authored-by: Liu YongLiang \u003c41845017+tlylt@users.noreply.github.com\u003e\r\n\r\n* Update frontend/src/components/QuestionPane.jsx\r\n\r\nCo-authored-by: Liu YongLiang \u003c41845017+tlylt@users.noreply.github.com\u003e\r\n\r\n* Refactor update controller\r\n\r\n* Format fix\r\n\r\nCo-authored-by: Liu YongLiang \u003c41845017+tlylt@users.noreply.github.com\u003e","fileTypesAndContributionMap":{"rest":{"insertions":9,"deletions":1},"js":{"insertions":233,"deletions":99},"yml":{"insertions":19,"deletions":11},"jsx":{"insertions":71,"deletions":28}}}]},{"date":"2022-10-18","commitResults":[{"hash":"4586b594f2a267bc091857e142fd21457324ddd4","messageTitle":"Modify sequelize config (#132)","messageBody":"","fileTypesAndContributionMap":{"prod":{"insertions":1,"deletions":2},"test":{"insertions":0,"deletions":1},"yml":{"insertions":8,"deletions":7},"js":{"insertions":42,"deletions":14},"sample":{"insertions":0,"deletions":1},"local":{"insertions":7,"deletions":1}}}]},{"date":"2022-10-19","commitResults":[{"hash":"a5a3bad4ef2a840703977aad965b87e43e019ecf","messageTitle":"Add question bank \u0026 full question set (#109)","messageBody":"* Add new apis and unit test\r\n\r\n* Add nextQuestionButton \u0026 windows CI\r\n\r\n* Update github workflow\r\n\r\n* update test\r\n\r\n* Update workflow\r\n\r\n* Remove windows test\r\n\r\n* Update QuestionPane\r\n\r\n* Update host\r\n\r\n* Modify Questionpane design\r\n\r\n* Remove extra parameter for question pane\r\n\r\n* Fix eslint error\r\n\r\n* Fix bug\r\n\r\n* Refactor models and add question bank\r\n\r\n* Refactor code foramt\r\n\r\n* Reformat code\r\n\r\n* Update .github/workflows/question-service.yml\r\n\r\nCo-authored-by: Liu YongLiang \u003c41845017+tlylt@users.noreply.github.com\u003e\r\n\r\n* Update frontend/src/components/QuestionPane.jsx\r\n\r\nCo-authored-by: Liu YongLiang \u003c41845017+tlylt@users.noreply.github.com\u003e\r\n\r\n* Update question-service/repository/category-repository.js\r\n\r\nCo-authored-by: Liu YongLiang \u003c41845017+tlylt@users.noreply.github.com\u003e\r\n\r\n* Update question-service/repository/category-repository.js\r\n\r\nCo-authored-by: Liu YongLiang \u003c41845017+tlylt@users.noreply.github.com\u003e\r\n\r\n* Update frontend/src/components/QuestionPane.jsx\r\n\r\nCo-authored-by: Liu YongLiang \u003c41845017+tlylt@users.noreply.github.com\u003e\r\n\r\n* Refactor update controller\r\n\r\n* Format fix\r\n\r\n* Update questionPage\r\n\r\n* Fix eslint issues\r\n\r\n* Add full leetcode question set\r\n\r\n* Update question set and ui\r\n\r\n* Change button function\r\n\r\n* Update getQuestion cond\r\n\r\n* Eslint fix\r\n\r\n* Update test\r\n\r\n* Add get  all question types list api\r\n\r\n* Add type-match UI\r\n\r\n* Add get question names api\r\n\r\nCo-authored-by: Liu YongLiang \u003c41845017+tlylt@users.noreply.github.com\u003e","fileTypesAndContributionMap":{"rest":{"insertions":9,"deletions":0},"js":{"insertions":135,"deletions":130},"jsx":{"insertions":561,"deletions":26}}}]},{"date":"2022-10-26","commitResults":[{"hash":"61cbbbbee3bf8f87ae86c28a9877db881c3de7b8","messageTitle":"Modify question page and pane UI (#148)","messageBody":"","fileTypesAndContributionMap":{"jsx":{"insertions":169,"deletions":65}}}]},{"date":"2022-11-06","commitResults":[{"hash":"937d40075a80fe2ca48e03ed5c21916a4212cfa8","messageTitle":"Add matching by types (#160)","messageBody":"* Naive type-match attempt\r\n\r\n* Add unmatch error warning\r\n\r\n* Fix not-strict type bug\r\n\r\n* Modify and optimize question table and page\r\n\r\n* Add types and adjust question UI\r\n\r\n* Fix title darkmode\r\n\r\n* remove typo and add padding\r\n\r\nCo-authored-by: tlylt \u003cliu_yongliang@hotmail.com\u003e\r\nCo-authored-by: Liu YongLiang \u003c41845017+tlylt@users.noreply.github.com\u003e\r\nCo-authored-by: Marcus Tang \u003ctxk.marcus@gmail.com\u003e","fileTypesAndContributionMap":{"rest":{"insertions":6,"deletions":0},"yml":{"insertions":1,"deletions":0},"js":{"insertions":289,"deletions":48},"jsx":{"insertions":226,"deletions":195}}}]}],"tlylt":[{"date":"2022-08-25","commitResults":[{"hash":"3e1f9398df9c8d349fbcc1d2e13ddd29288c8594","messageTitle":"Update package-lock and gitignore","messageBody":"","fileTypesAndContributionMap":{"gitignore":{"insertions":72,"deletions":0}}}]},{"date":"2022-08-31","commitResults":[{"hash":"089b5967d3854a36a852bca9defb173473e75354","messageTitle":"User Service Update (#3)","messageBody":"","fileTypesAndContributionMap":{"testConfig":{"insertions":6,"deletions":0},"Dockerfile":{"insertions":17,"deletions":0},"rest":{"insertions":35,"deletions":0},"PULL_REQUEST_TEMPLATE":{"insertions":20,"deletions":0},"gitignore":{"insertions":2,"deletions":1},"md":{"insertions":38,"deletions":8},"yml":{"insertions":45,"deletions":0},"js":{"insertions":472,"deletions":93},"html":{"insertions":1,"deletions":1},"dockerignore":{"insertions":4,"deletions":0},"eslintignore":{"insertions":2,"deletions":0},"sample":{"insertions":6,"deletions":0}}}]},{"date":"2022-09-01","commitResults":[{"hash":"701631c249a7f83531ee36ae83b5c75717b208dc","messageTitle":"Setup frontend for user service","messageBody":"","fileTypesAndContributionMap":{"rest":{"insertions":2,"deletions":5},"css":{"insertions":39,"deletions":12},"md":{"insertions":3,"deletions":0},"js":{"insertions":543,"deletions":227},"eslintignore":{"insertions":2,"deletions":0}}},{"hash":"4840b5bef5982bad39abbb5b4d46a45e5432414f","messageTitle":"Bump version and add footer","messageBody":"","fileTypesAndContributionMap":{"js":{"insertions":62,"deletions":0}}},{"hash":"c082cb85cb262789bf112238fe03c88f97f80ea2","messageTitle":"Test docker-compose","messageBody":"","fileTypesAndContributionMap":{"yml":{"insertions":24,"deletions":0}}},{"hash":"e742166cf199f35eacf596aa1d1af8364312756f","messageTitle":"Fix dockerfile","messageBody":"","fileTypesAndContributionMap":{"Dockerfile":{"insertions":1,"deletions":1},"yml":{"insertions":1,"deletions":1}}}]},{"date":"2022-09-03","commitResults":[{"hash":"bc06ec0f6534d902ec2712a6fe4c8adba9ea3af3","messageTitle":"Configure CI and docker for frontend (#10)","messageBody":"","fileTypesAndContributionMap":{"Dockerfile":{"insertions":15,"deletions":0},"dev":{"insertions":13,"deletions":0},"md":{"insertions":3,"deletions":68},"yml":{"insertions":50,"deletions":0},"js":{"insertions":10,"deletions":0},"dockerignore":{"insertions":24,"deletions":0}}}]},{"date":"2022-09-08","commitResults":[{"hash":"3bb10892f70a4aed76c13eb3429a89a71c45f94f","messageTitle":"Update user-service code \u0026 CI (#24)","messageBody":"Co-authored-by: Uyen Ngo \u003c77076051+uyencfi@users.noreply.github.com\u003e","fileTypesAndContributionMap":{"rest":{"insertions":37,"deletions":9},"dev":{"insertions":6,"deletions":0},"test":{"insertions":0,"deletions":1},"gitignore":{"insertions":4,"deletions":1},"md":{"insertions":38,"deletions":14},"yml":{"insertions":46,"deletions":7},"js":{"insertions":335,"deletions":95},"sample":{"insertions":1,"deletions":1}}}]},{"date":"2022-09-09","commitResults":[{"hash":"98e07c4483c4c0e8e0c6526025adfda5606d63a2","messageTitle":"Update frontend boilerplate and setup standard UI (#42)","messageBody":"","fileTypesAndContributionMap":{"css":{"insertions":14,"deletions":36},"gitignore":{"insertions":4,"deletions":1},"md":{"insertions":5,"deletions":0},"js":{"insertions":87,"deletions":398},"dockerignore":{"insertions":3,"deletions":1},"html":{"insertions":17,"deletions":21},"eslintignore":{"insertions":2,"deletions":1},"jsx":{"insertions":919,"deletions":21}}}]},{"date":"2022-09-11","commitResults":[{"hash":"7700d6277eb20f4ff535108e15eac543f83d9c89","messageTitle":"Update profile page and bug fix token refresh (#44)","messageBody":"","fileTypesAndContributionMap":{"svg":{"insertions":1,"deletions":0},"md":{"insertions":13,"deletions":2},"js":{"insertions":151,"deletions":30},"jsx":{"insertions":349,"deletions":72}}}]},{"date":"2022-09-13","commitResults":[{"hash":"5328efb91842e20366e564ed469194a2174dba30","messageTitle":"Setup global config to spin up all services (#57)","messageBody":"","fileTypesAndContributionMap":{"dev":{"insertions":1,"deletions":1},"md":{"insertions":16,"deletions":0},"yml":{"insertions":32,"deletions":0},"local":{"insertions":5,"deletions":0}}},{"hash":"da5238b28a7c8f77478989d13baf830f53d22f1d","messageTitle":"Fix header buttons (#58)","messageBody":"","fileTypesAndContributionMap":{"md":{"insertions":2,"deletions":0},"js":{"insertions":25,"deletions":11},"jsx":{"insertions":38,"deletions":20}}},{"hash":"88298b90cb4de9254b6d1451aba83778c855ac40","messageTitle":"Seed users for testing (#59)","messageBody":"","fileTypesAndContributionMap":{"md":{"insertions":8,"deletions":0},"js":{"insertions":19,"deletions":1}}}]},{"date":"2022-09-14","commitResults":[{"hash":"a97e477164f853ee27a9488caed284c328ba83b1","messageTitle":"Update page meta (#60)","messageBody":"","fileTypesAndContributionMap":{"jsx":{"insertions":94,"deletions":57}}}]},{"date":"2022-09-15","commitResults":[{"hash":"c0cd0b47f6f5eb9750505e5b4b0cd23eee27b2da","messageTitle":"Add matching service to global config (#70)","messageBody":"","fileTypesAndContributionMap":{"yml":{"insertions":19,"deletions":13},"jsx":{"insertions":1,"deletions":1}}},{"hash":"a11df8b8cc9c736964285d7dc12320c419aa16b4","messageTitle":"Fix profile image and react-helmet issue (#71)","messageBody":"","fileTypesAndContributionMap":{"js":{"insertions":7,"deletions":0},"jsx":{"insertions":61,"deletions":35}}}]},{"date":"2022-09-21","commitResults":[{"hash":"49b2f67f9c83e7de93d1ef576945ec268a747a51","messageTitle":"Include jwt middleware setup for matching service (#88)","messageBody":"","fileTypesAndContributionMap":{"js":{"insertions":42,"deletions":0}}}]},{"date":"2022-09-24","commitResults":[{"hash":"c1e0d3b11e97bb537d859cb7476cd194641407d7","messageTitle":"Add tests for user-service (#87)","messageBody":"","fileTypesAndContributionMap":{"rest":{"insertions":11,"deletions":2},"PULL_REQUEST_TEMPLATE":{"insertions":1,"deletions":0},"md":{"insertions":2,"deletions":0},"js":{"insertions":128,"deletions":3}}}]},{"date":"2022-10-02","commitResults":[{"hash":"1a996b9d3179ed3314297b4891fb601fade016a8","messageTitle":"Update nginx config to serve frontend built and reverse proxy to services (#90)","messageBody":"* Update config\r\n\r\n* Adjust for socket connection\r\n\r\n* Fix merge","fileTypesAndContributionMap":{"Dockerfile":{"insertions":11,"deletions":0},"md":{"insertions":1,"deletions":1},"yml":{"insertions":8,"deletions":4},"js":{"insertions":6,"deletions":7},"conf":{"insertions":56,"deletions":0},"jsx":{"insertions":53,"deletions":48}}},{"hash":"06c30c5c54d94ed1bf756408fa42317cd2ad99a5","messageTitle":"Check for user exists error (#96)","messageBody":"Co-authored-by: Marcus Tang \u003c50147457+MarcusTXK@users.noreply.github.com\u003e","fileTypesAndContributionMap":{"js":{"insertions":4,"deletions":0}}},{"hash":"891f236c708440b5a3900e0eb7a12cbecbd63074","messageTitle":"Fix mobile header links \u0026 user login (#97)","messageBody":"Co-authored-by: Marcus Tang \u003c50147457+MarcusTXK@users.noreply.github.com\u003e","fileTypesAndContributionMap":{"js":{"insertions":1,"deletions":1},"jsx":{"insertions":7,"deletions":8}}}]},{"date":"2022-10-14","commitResults":[{"hash":"abb4c703ff5509dee28a4b8cf6081f8bace78551","messageTitle":"Add dark mode support (#108)","messageBody":"Co-authored-by: uyencfi \u003c77076051+uyencfi@users.noreply.github.com\u003e","fileTypesAndContributionMap":{"md":{"insertions":20,"deletions":0},"yml":{"insertions":68,"deletions":0},"js":{"insertions":253,"deletions":5},"jsx":{"insertions":74,"deletions":48}}}]},{"date":"2022-10-29","commitResults":[{"hash":"dc680f42d166fd8f9ca404306eb9f4d030184ded","messageTitle":"Add RepoSense report for contribution analysis (#155)","messageBody":"","fileTypesAndContributionMap":{"csv":{"insertions":7,"deletions":0},"yml":{"insertions":15,"deletions":0}}}]},{"date":"2022-11-03","commitResults":[{"hash":"8c7579f68117c00575cb92e635d88cf3851103e7","messageTitle":"Setup k8s configs and deploy to production (#114)","messageBody":"","fileTypesAndContributionMap":{"Dockerfile":{"insertions":1,"deletions":1},"production":{"insertions":46,"deletions":0},"sh":{"insertions":198,"deletions":0},"gitignore":{"insertions":1,"deletions":0},"md":{"insertions":19,"deletions":0},"yml":{"insertions":0,"deletions":23},"js":{"insertions":14,"deletions":34},"jsx":{"insertions":3,"deletions":9},"yaml":{"insertions":704,"deletions":0}}},{"hash":"08e25afcf38576ba070849c8b3b7ca4075b520d4","messageTitle":"Rebrand frontend (#147)","messageBody":"","fileTypesAndContributionMap":{"md":{"insertions":4,"deletions":2},"html":{"insertions":2,"deletions":2},"jsx":{"insertions":83,"deletions":55}}},{"hash":"6604234b6f58bafb0c3d166d8cd170d8f3ad0ddc","messageTitle":"Auto scale deployments via HPA (#157)","messageBody":"","fileTypesAndContributionMap":{"sh":{"insertions":3,"deletions":0},"js":{"insertions":59,"deletions":10},"local":{"insertions":0,"deletions":1},"example":{"insertions":1,"deletions":1},"yaml":{"insertions":177,"deletions":53}}}]},{"date":"2022-11-05","commitResults":[{"hash":"0bc09f58cdfcff017257c28179eb3fcfaa012db7","messageTitle":"Update home and match page frontend UI (#152)","messageBody":"","fileTypesAndContributionMap":{"svg":{"insertions":231,"deletions":0},"jsx":{"insertions":924,"deletions":25}}}]},{"date":"2022-11-06","commitResults":[{"hash":"491666d0dbe5e28d6e05c1e57e0d0bf8640d3d2b","messageTitle":"Update host and port configs to fix cors (#177)","messageBody":"","fileTypesAndContributionMap":{"dev":{"insertions":4,"deletions":2},"test":{"insertions":1,"deletions":1},"production":{"insertions":3,"deletions":0},"md":{"insertions":22,"deletions":2},"yml":{"insertions":24,"deletions":38},"js":{"insertions":172,"deletions":84},"sample":{"insertions":2,"deletions":3},"local":{"insertions":1,"deletions":1},"jsx":{"insertions":23,"deletions":28},"yaml":{"insertions":121,"deletions":24},"example":{"insertions":1,"deletions":2}}},{"hash":"7bbbcf67c93c03828dde7bdc4e9e27ad0ec1c8c8","messageTitle":"Fix production issues (#183)","messageBody":"","fileTypesAndContributionMap":{"yml":{"insertions":4,"deletions":0},"js":{"insertions":42,"deletions":36},"jsx":{"insertions":5,"deletions":1},"yaml":{"insertions":7,"deletions":8}}}]},{"date":"2022-11-08","commitResults":[{"hash":"2ab46026c8772d3b7adb1b07b4c5180c1cf2468d","messageTitle":"Update UI to fix routing and page title issue (#189)","messageBody":"","fileTypesAndContributionMap":{"jsx":{"insertions":84,"deletions":51}}},{"hash":"1d375c02674be60aa6f49263eaa461d8f8c7af91","messageTitle":"Add redis adapter for socketio (#190)","messageBody":"","fileTypesAndContributionMap":{"yml":{"insertions":4,"deletions":0},"js":{"insertions":32,"deletions":0},"yaml":{"insertions":23,"deletions":7}}}]}],"uyencfi":[{"date":"2022-09-21","commitResults":[{"hash":"3cc2e06f73d8f982b4c8590706de3d510ceec79a","messageTitle":"Create basic collaboration page with editor (#65)","messageBody":"","fileTypesAndContributionMap":{"css":{"insertions":412,"deletions":0},"js":{"insertions":5103,"deletions":0},"jsx":{"insertions":249,"deletions":0}}}]},{"date":"2022-09-26","commitResults":[{"hash":"94f9bf64e16d2f70ad9fd6aa6697ce7dfe0e3250","messageTitle":"Room page integration (#93)","messageBody":"","fileTypesAndContributionMap":{"md":{"insertions":4,"deletions":4},"yml":{"insertions":40,"deletions":1},"js":{"insertions":91,"deletions":31},"jsx":{"insertions":151,"deletions":178}}}]},{"date":"2022-10-31","commitResults":[{"hash":"8ea5d14ba49aaec6d54c6ccf9d6b9d8cd283bbad","messageTitle":"Add History service (#110)","messageBody":"","fileTypesAndContributionMap":{"rest":{"insertions":63,"deletions":0},"PULL_REQUEST_TEMPLATE":{"insertions":1,"deletions":0},"test":{"insertions":1,"deletions":1},"gitignore":{"insertions":25,"deletions":0},"js":{"insertions":319,"deletions":19},"conf":{"insertions":8,"deletions":0},"dockerignore":{"insertions":4,"deletions":0},"sample":{"insertions":1,"deletions":1},"local":{"insertions":2,"deletions":1},"jsx":{"insertions":156,"deletions":11},"example":{"insertions":3,"deletions":0},"Dockerfile":{"insertions":16,"deletions":0},"dev":{"insertions":1,"deletions":1},"md":{"insertions":20,"deletions":0},"yml":{"insertions":51,"deletions":2},"eslintignore":{"insertions":3,"deletions":0}}}]},{"date":"2022-11-06","commitResults":[{"hash":"8056f25183a72fb5fd8e73c4b7a0de88ccf29757","messageTitle":"UI enhancements and CI/CD (#163)","messageBody":"Co-authored-by: tlylt \u003cliu_yongliang@hotmail.com\u003e","fileTypesAndContributionMap":{"svg":{"insertions":1,"deletions":0},"md":{"insertions":3,"deletions":3},"yml":{"insertions":43,"deletions":0},"js":{"insertions":193,"deletions":2073},"jsx":{"insertions":119,"deletions":39}}},{"hash":"1866076645cc298409bc90b616816dd9572dd263","messageTitle":"Fix test for duplicate roomId (#182)","messageBody":"","fileTypesAndContributionMap":{"js":{"insertions":13,"deletions":4}}},{"hash":"3f46658c99db99afb7e28db5445e60ebbcc672a3","messageTitle":"Set min table height (#184)","messageBody":"","fileTypesAndContributionMap":{"jsx":{"insertions":1,"deletions":1}}}]}]},"authorFileTypeContributionMap":{"MarcusTXK":{"PULL_REQUEST_TEMPLATE":2,"yml":285,"conf":33,"js":1336,"jsx":923,"dockerignore":10,"example":2,"local":8,"prod":12,"gitignore":29,"Dockerfile":30,"md":74,"rest":14},"Hzxin":{"local":6,"yml":114,"js":1039,"jsx":740,"dockerignore":4,"prod":5,"sample":5,"eslintignore":5,"gitignore":25,"Dockerfile":17,"md":12,"rest":57},"tlylt":{"local":5,"PULL_REQUEST_TEMPLATE":20,"yaml":940,"yml":268,"md":173,"csv":7,"dockerignore":30,"eslintignore":5,"gitignore":75,"Dockerfile":44,"dev":21,"production":49,"conf":55,"js":1581,"html":3,"svg":232,"jsx":2297,"css":17,"example":1,"sh":201,"sample":5,"test":5,"rest":69},"uyencfi":{"PULL_REQUEST_TEMPLATE":1,"yml":120,"js":3586,"conf":8,"jsx":414,"css":412,"svg":1,"dockerignore":4,"example":1,"eslintignore":3,"gitignore":25,"Dockerfile":15,"md":24,"rest":63}},"authorContributionVariance":{"MarcusTXK":30183.385,"Hzxin":28996.54,"tlylt":102964.98,"uyencfi":513336.22},"authorDisplayNameMap":{"MarcusTXK":"Marcus Tang Xin Kye","Hzxin":"Huang ZhenXin","tlylt":"Liu Yongliang","uyencfi":"Ngo Ngoc Phuong Uyen"}}
